[
  {
     "user_name":"wes",
    "user_id":"5b799631b2c3e8e38acfdbee",
    "movie_id":493006,
    "movie_poster" : "https://image.tmdb.org/t/p/w92//mMWV5MXn2pkDnnI4vWpy3dRWdNC.jpg",
    "movie_title": "Some Movie",
    "review_body" : "lskdjf as;lkdf but k;lajsdfasfkjsdf ;lkjsd lskdjf as;lkdf but k;lajsdfasfkjsdf ;lskdjf as;lkdf but k;lajsdfasfkjsdf ;lkjsdlkjsd",
    "timestamp" : "12-06-2014"
   },
  {
    "user_name":"Sammy_123",
    "user_id":"5b799631b2c3e8e38acfdbef",
     "movie_id":493006,
    "movie_poster" : "https://image.tmdb.org/t/p/w92//mMWV5MXn2pkDnnI4vWpy3dRWdNC.jpg",
    "movie_title": "Some Movie",
    "review_body" : "lskdjf as;lkdf but k;lajsdfasfkjsdf ;lkjsd",
    "timestamp" : "12-07-2014"
     },
  {
    "user_name":"john",
    "user_id":"5b799631b2c3e8e38acfdbf0",
     "movie_id":383498,
    "movie_poster" : "https://image.tmdb.org/t/p/w92//mMWV5MXn2pkDnnI4vWpy3dRWdNC.jpg",
    "movie_title": "Some Movie",
    "review_body" : "this is another review by sammy",
    "timestamp" : "12-06-2015"
   },
   {
    "user_name":"mark",
     "user_id":"5b799631b2c3e8e38acfdbf1",
    "movie_id":493006,
    "movie_poster" : "https://image.tmdb.org/t/p/w92//mMWV5MXn2pkDnnI4vWpy3dRWdNC.jpg",
    "movie_title": "Some Movie",
    "review_body" : "lskdjf as;lkdf but k;lajsdfasfkjsdf ;lkjsd",
    "timestamp" : "19-05-2014"
   },
  
  {
    "user_name":"lisa",
    "user_id":"5b799631b2c3e8e38acfdbf2",
    "movie_id":383498,
    "movie_poster" : "https://image.tmdb.org/t/p/w92//mMWV5MXn2pkDnnI4vWpy3dRWdNC.jpg",
    "movie_title": "Some Movie",
    "review_body" : "lskdjf as;lkdf but k;lajsdfasfkjsdf ;lkjsd lskdjf as;lkdf but k;lajsdfasfkjsdf ;lskdjf as;lkdf but k;lajsdfasfkjsdf ;lkjsdlkjsd",
    "timestamp" : "23-04-2012"
  },
  {
    "user_name":"taylor",
    "user_id":"5b799631b2c3e8e38acfdbf3",
    "movie_id":345940,
    "movie_poster" : "https://image.tmdb.org/t/p/w92//mMWV5MXn2pkDnnI4vWpy3dRWdNC.jpg",
    "movie_title": "Some Movie",
    "review_body" : "lskdjf as;lkdf but k;lajsdfasfkjsdf ;lkjsd lskdjf as;lkdf but k;lajsdfasfkjsdf ;lskdjf as;lkdf but k;lajsdfasfkjsdf ;lkjsdlkjsd",
    "timestamp" : "23-04-2011"
  },
  {
     "user_name":"marco",
    "user_id":"5b799631b2c3e8e38acfdbf4",
     "movie_id":353081,
    "movie_poster" : "https://image.tmdb.org/t/p/w92//mMWV5MXn2pkDnnI4vWpy3dRWdNC.jpg",
    "movie_title": "Some Movie",
    "review_body" : "lskdjf as;lkdf but k;lajsdfasfkjsdf ;lkjsd lskdjf as;lkdf but k;lajsdfasfkjsdf ;lskdjf as;lkdf but k;lajsdfasfkjsdf ;lkjsdlkjsd",
    "timestamp" : "23-05-2012"
  },
  {
    "user_name":"anon",
     "movie_id":345940,
    "user_id":"5b799631b2c3e8e38acfdbf5",
    "movie_poster" : "https://image.tmdb.org/t/p/w92//mMWV5MXn2pkDnnI4vWpy3dRWdNC.jpg",
    "movie_title": "Some Movie",
    "review_body" : "lskdjf as;lkdf but k;lajsdfasfkjsdf ;lkjsd lskdjf as;lkdf but k;lajsdfasfkjsdf ;lskdjf as;lkdf but k;lajsdfasfkjsdf ;lkjsdlkjsd",
    "timestamp" : "23-06-2012"
  }
]